Campaña,Grupo de anuncios,Palabra clave,Tipo de concordancia,URL final
Búsqueda - Susi Lop - Cali,01 | Floristería Cali (Genérico + Cerca de Mí),floristeria cali,Frase,https://floristeriacali.dondeseria.com/landing-pages/floreria-cerca-de-mi-cali.html
Búsqueda - Susi Lop - Cali,01 | Floristería Cali (Genérico + Cerca de Mí),floristerias en cali,Frase,https://floristeriacali.dondeseria.com/landing-pages/floreria-cerca-de-mi-cali.html
Búsqueda - Susi Lop - Cali,01 | Floristería Cali (Genérico + Cerca de Mí),floristeria en cali,Frase,https://floristeriacali.dondeseria.com/landing-pages/floreria-cerca-de-mi-cali.html
Búsqueda - Susi Lop - Cali,01 | Floristería Cali (Genérico + Cerca de Mí),floristerias cali,Frase,https://floristeriacali.dondeseria.com/landing-pages/floreria-cerca-de-mi-cali.html
Búsqueda - Susi Lop - Cali,01 | Floristería Cali (Genérico + Cerca de Mí),floreria cali,Frase,https://floristeriacali.dondeseria.com/landing-pages/floreria-cerca-de-mi-cali.html
Búsqueda - Susi Lop - Cali,01 | Floristería Cali (Genérico + Cerca de Mí),florerias en cali,Frase,https://floristeriacali.dondeseria.com/landing-pages/floreria-cerca-de-mi-cali.html
Búsqueda - Susi Lop - Cali,01 | Floristería Cali (Genérico + Cerca de Mí),flores cali,Frase,https://floristeriacali.dondeseria.com/landing-pages/floreria-cerca-de-mi-cali.html
Búsqueda - Susi Lop - Cali,01 | Floristería Cali (Genérico + Cerca de Mí),flores en cali,Frase,https://floristeriacali.dondeseria.com/landing-pages/floreria-cerca-de-mi-cali.html
Búsqueda - Susi Lop - Cali,01 | Floristería Cali (Genérico + Cerca de Mí),[floristeria cali],Exacta,https://floristeriacali.dondeseria.com/landing-pages/floreria-cerca-de-mi-cali.html
Búsqueda - Susi Lop - Cali,01 | Floristería Cali (Genérico + Cerca de Mí),[floristerias cali],Exacta,https://floristeriacali.dondeseria.com/landing-pages/floreria-cerca-de-mi-cali.html
Búsqueda - Susi Lop - Cali,01 | Floristería Cali (Genérico + Cerca de Mí),[floristerias en cali],Exacta,https://floristeriacali.dondeseria.com/landing-pages/floreria-cerca-de-mi-cali.html
Búsqueda - Susi Lop - Cali,01 | Floristería Cali (Genérico + Cerca de Mí),[floreria cali],Exacta,https://floristeriacali.dondeseria.com/landing-pages/floreria-cerca-de-mi-cali.html
Búsqueda - Susi Lop - Cali,01 | Floristería Cali (Genérico + Cerca de Mí),[flores cali],Exacta,https://floristeriacali.dondeseria.com/landing-pages/floreria-cerca-de-mi-cali.html
Búsqueda - Susi Lop - Cali,01 | Floristería Cali (Genérico + Cerca de Mí),[floristeria cerca de mi],Exacta,https://floristeriacali.dondeseria.com/landing-pages/floreria-cerca-de-mi-cali.html
Búsqueda - Susi Lop - Cali,01 | Floristería Cali (Genérico + Cerca de Mí),floristeria cerca de mi,Frase,https://floristeriacali.dondeseria.com/landing-pages/floreria-cerca-de-mi-cali.html
Búsqueda - Susi Lop - Cali,01 | Floristería Cali (Genérico + Cerca de Mí),floristeria cerca de mi ubicacion,Frase,https://floristeriacali.dondeseria.com/landing-pages/floreria-cerca-de-mi-cali.html
Búsqueda - Susi Lop - Cali,01 | Floristería Cali (Genérico + Cerca de Mí),floreria cerca de mi,Frase,https://floristeriacali.dondeseria.com/landing-pages/floreria-cerca-de-mi-cali.html
Búsqueda - Susi Lop - Cali,01 | Floristería Cali (Genérico + Cerca de Mí),floristerias cercanas,Frase,https://floristeriacali.dondeseria.com/landing-pages/floreria-cerca-de-mi-cali.html
Búsqueda - Susi Lop - Cali,01 | Floristería Cali (Genérico + Cerca de Mí),floristeria norte de cali,Frase,https://floristeriacali.dondeseria.com/landing-pages/floreria-cerca-de-mi-cali.html
Búsqueda - Susi Lop - Cali,01 | Floristería Cali (Genérico + Cerca de Mí),floristeria sur de cali,Frase,https://floristeriacali.dondeseria.com/landing-pages/floreria-cerca-de-mi-cali.html
Búsqueda - Susi Lop - Cali,01 | Floristería Cali (Genérico + Cerca de Mí),floristeria centro de cali,Frase,https://floristeriacali.dondeseria.com/landing-pages/floreria-cerca-de-mi-cali.html
Búsqueda - Susi Lop - Cali,01 | Floristería Cali (Genérico + Cerca de Mí),floristeria ciudad jardin,Frase,https://floristeriacali.dondeseria.com/landing-pages/floreria-cerca-de-mi-cali.html
Búsqueda - Susi Lop - Cali,01 | Floristería Cali (Genérico + Cerca de Mí),floristeria granada cali,Frase,https://floristeriacali.dondeseria.com/landing-pages/floreria-cerca-de-mi-cali.html
Búsqueda - Susi Lop - Cali,01 | Floristería Cali (Genérico + Cerca de Mí),floristeria san fernando cali,Frase,https://floristeriacali.dondeseria.com/landing-pages/floreria-cerca-de-mi-cali.html
Búsqueda - Susi Lop - Cali,01 | Floristería Cali (Genérico + Cerca de Mí),floristeria el limonar cali,Frase,https://floristeriacali.dondeseria.com/landing-pages/floreria-cerca-de-mi-cali.html
Búsqueda - Susi Lop - Cali,01 | Floristería Cali (Genérico + Cerca de Mí),floristeria valle del lili,Frase,https://floristeriacali.dondeseria.com/landing-pages/floreria-cerca-de-mi-cali.html
Búsqueda - Susi Lop - Cali,01 | Floristería Cali (Genérico + Cerca de Mí),floristeria unicentro cali,Frase,https://floristeriacali.dondeseria.com/landing-pages/floreria-cerca-de-mi-cali.html
Búsqueda - Susi Lop - Cali,01 | Floristería Cali (Genérico + Cerca de Mí),floristeria chipichape,Frase,https://floristeriacali.dondeseria.com/landing-pages/floreria-cerca-de-mi-cali.html
Búsqueda - Susi Lop - Cali,01 | Floristería Cali (Genérico + Cerca de Mí),floristeria yumbo,Frase,https://floristeriacali.dondeseria.com/landing-pages/floreria-cerca-de-mi-cali.html
Búsqueda - Susi Lop - Cali,01 | Floristería Cali (Genérico + Cerca de Mí),floristeria jamundi,Frase,https://floristeriacali.dondeseria.com/landing-pages/floreria-cerca-de-mi-cali.html
Búsqueda - Susi Lop - Cali,01 | Floristería Cali (Genérico + Cerca de Mí),floristeria abierta hoy,Frase,https://floristeriacali.dondeseria.com/landing-pages/floreria-cerca-de-mi-cali.html
Búsqueda - Susi Lop - Cali,01 | Floristería Cali (Genérico + Cerca de Mí),floristeria 24 horas cali,Frase,https://floristeriacali.dondeseria.com/landing-pages/floreria-cerca-de-mi-cali.html
Búsqueda - Susi Lop - Cali,01 | Floristería Cali (Genérico + Cerca de Mí),venta de flores en cali,Frase,https://floristeriacali.dondeseria.com/landing-pages/floreria-cerca-de-mi-cali.html
Búsqueda - Susi Lop - Cali,01 | Floristería Cali (Genérico + Cerca de Mí),comprar flores en cali,Frase,https://floristeriacali.dondeseria.com/landing-pages/floreria-cerca-de-mi-cali.html
Búsqueda - Susi Lop - Cali,01 | Floristería Cali (Genérico + Cerca de Mí),floristeria cali valle del cauca,Frase,https://floristeriacali.dondeseria.com/landing-pages/floreria-cerca-de-mi-cali.html
Búsqueda - Susi Lop - Cali,02 | Flores a Domicilio Cali,flores a domicilio cali,Frase,https://floristeriacali.dondeseria.com/landing-pages/flores-a-domicilio-cali.html
Búsqueda - Susi Lop - Cali,02 | Flores a Domicilio Cali,flores cali a domicilio,Frase,https://floristeriacali.dondeseria.com/landing-pages/flores-a-domicilio-cali.html
Búsqueda - Susi Lop - Cali,02 | Flores a Domicilio Cali,flores en cali a domicilio,Frase,https://floristeriacali.dondeseria.com/landing-pages/flores-a-domicilio-cali.html
Búsqueda - Susi Lop - Cali,02 | Flores a Domicilio Cali,flores domicilio cali,Frase,https://floristeriacali.dondeseria.com/landing-pages/flores-a-domicilio-cali.html
Búsqueda - Susi Lop - Cali,02 | Flores a Domicilio Cali,[flores a domicilio cali],Exacta,https://floristeriacali.dondeseria.com/landing-pages/flores-a-domicilio-cali.html
Búsqueda - Susi Lop - Cali,02 | Flores a Domicilio Cali,[flores cali a domicilio],Exacta,https://floristeriacali.dondeseria.com/landing-pages/flores-a-domicilio-cali.html
Búsqueda - Susi Lop - Cali,02 | Flores a Domicilio Cali,[enviar flores a cali],Exacta,https://floristeriacali.dondeseria.com/landing-pages/flores-a-domicilio-cali.html
Búsqueda - Susi Lop - Cali,02 | Flores a Domicilio Cali,[envio de flores a cali],Exacta,https://floristeriacali.dondeseria.com/landing-pages/flores-a-domicilio-cali.html
Búsqueda - Susi Lop - Cali,02 | Flores a Domicilio Cali,floristeria a domicilio cali,Frase,https://floristeriacali.dondeseria.com/landing-pages/flores-a-domicilio-cali.html
Búsqueda - Susi Lop - Cali,02 | Flores a Domicilio Cali,floristerias en cali a domicilio,Frase,https://floristeriacali.dondeseria.com/landing-pages/flores-a-domicilio-cali.html
Búsqueda - Susi Lop - Cali,02 | Flores a Domicilio Cali,floristeria a domicilio,Frase,https://floristeriacali.dondeseria.com/landing-pages/flores-a-domicilio-cali.html
Búsqueda - Susi Lop - Cali,02 | Flores a Domicilio Cali,envio de flores a domicilio,Frase,https://floristeriacali.dondeseria.com/landing-pages/flores-a-domicilio-cali.html
Búsqueda - Susi Lop - Cali,02 | Flores a Domicilio Cali,enviar flores a domicilio,Frase,https://floristeriacali.dondeseria.com/landing-pages/flores-a-domicilio-cali.html
Búsqueda - Susi Lop - Cali,02 | Flores a Domicilio Cali,enviar flores a cali,Frase,https://floristeriacali.dondeseria.com/landing-pages/flores-a-domicilio-cali.html
Búsqueda - Susi Lop - Cali,02 | Flores a Domicilio Cali,domicilio de flores cali,Frase,https://floristeriacali.dondeseria.com/landing-pages/flores-a-domicilio-cali.html
Búsqueda - Susi Lop - Cali,02 | Flores a Domicilio Cali,arreglos florales a domicilio,Frase,https://floristeriacali.dondeseria.com/landing-pages/flores-a-domicilio-cali.html
Búsqueda - Susi Lop - Cali,02 | Flores a Domicilio Cali,rosas a domicilio cali,Frase,https://floristeriacali.dondeseria.com/landing-pages/flores-a-domicilio-cali.html
Búsqueda - Susi Lop - Cali,02 | Flores a Domicilio Cali,enviar rosas a domicilio,Frase,https://floristeriacali.dondeseria.com/landing-pages/flores-a-domicilio-cali.html
Búsqueda - Susi Lop - Cali,02 | Flores a Domicilio Cali,regalos a domicilio cali,Frase,https://floristeriacali.dondeseria.com/landing-pages/flores-a-domicilio-cali.html
Búsqueda - Susi Lop - Cali,02 | Flores a Domicilio Cali,detalles a domicilio cali,Frase,https://floristeriacali.dondeseria.com/landing-pages/flores-a-domicilio-cali.html
Búsqueda - Susi Lop - Cali,02 | Flores a Domicilio Cali,flores y chocolates a domicilio,Frase,https://floristeriacali.dondeseria.com/landing-pages/flores-a-domicilio-cali.html
Búsqueda - Susi Lop - Cali,02 | Flores a Domicilio Cali,flores a domicilio yumbo,Frase,https://floristeriacali.dondeseria.com/landing-pages/flores-a-domicilio-cali.html
Búsqueda - Susi Lop - Cali,02 | Flores a Domicilio Cali,flores a domicilio jamundi,Frase,https://floristeriacali.dondeseria.com/landing-pages/flores-a-domicilio-cali.html
Búsqueda - Susi Lop - Cali,02 | Flores a Domicilio Cali,entrega de flores el mismo dia,Frase,https://floristeriacali.dondeseria.com/landing-pages/flores-a-domicilio-cali.html
Búsqueda - Susi Lop - Cali,02 | Flores a Domicilio Cali,flores a domicilio hoy,Frase,https://floristeriacali.dondeseria.com/landing-pages/flores-a-domicilio-cali.html
Búsqueda - Susi Lop - Cali,02 | Flores a Domicilio Cali,flores para hospital cali,Frase,https://floristeriacali.dondeseria.com/landing-pages/flores-a-domicilio-cali.html
Búsqueda - Susi Lop - Cali,03 | Ramos de Rosas,ramos de rosas,Frase,https://floristeriacali.dondeseria.com/landing-pages/flores-rosas-cali.html
Búsqueda - Susi Lop - Cali,03 | Ramos de Rosas,ramo de rosas,Frase,https://floristeriacali.dondeseria.com/landing-pages/flores-rosas-cali.html
Búsqueda - Susi Lop - Cali,03 | Ramos de Rosas,ramos de rosas cali,Frase,https://floristeriacali.dondeseria.com/landing-pages/flores-rosas-cali.html
Búsqueda - Susi Lop - Cali,03 | Ramos de Rosas,rosas cali,Frase,https://floristeriacali.dondeseria.com/landing-pages/flores-rosas-cali.html
Búsqueda - Susi Lop - Cali,03 | Ramos de Rosas,rosas en cali,Frase,https://floristeriacali.dondeseria.com/landing-pages/flores-rosas-cali.html
Búsqueda - Susi Lop - Cali,03 | Ramos de Rosas,rosas rojas cali,Frase,https://floristeriacali.dondeseria.com/landing-pages/flores-rosas-cali.html
Búsqueda - Susi Lop - Cali,03 | Ramos de Rosas,[rosas cali],Exacta,https://floristeriacali.dondeseria.com/landing-pages/flores-rosas-cali.html
Búsqueda - Susi Lop - Cali,03 | Ramos de Rosas,[ramo de rosas cali],Exacta,https://floristeriacali.dondeseria.com/landing-pages/flores-rosas-cali.html
Búsqueda - Susi Lop - Cali,03 | Ramos de Rosas,[ramos de rosas cali],Exacta,https://floristeriacali.dondeseria.com/landing-pages/flores-rosas-cali.html
Búsqueda - Susi Lop - Cali,03 | Ramos de Rosas,ramo de rosas rojas,Frase,https://floristeriacali.dondeseria.com/landing-pages/flores-rosas-cali.html
Búsqueda - Susi Lop - Cali,03 | Ramos de Rosas,bouquet de rosas,Frase,https://floristeriacali.dondeseria.com/landing-pages/flores-rosas-cali.html
Búsqueda - Susi Lop - Cali,03 | Ramos de Rosas,caja de rosas,Frase,https://floristeriacali.dondeseria.com/landing-pages/flores-rosas-cali.html
Búsqueda - Susi Lop - Cali,03 | Ramos de Rosas,cajas de rosas cali,Frase,https://floristeriacali.dondeseria.com/landing-pages/flores-rosas-cali.html
Búsqueda - Susi Lop - Cali,03 | Ramos de Rosas,ramo buchon de rosas,Frase,https://floristeriacali.dondeseria.com/landing-pages/flores-rosas-cali.html
Búsqueda - Susi Lop - Cali,03 | Ramos de Rosas,ramo buchon cali,Frase,https://floristeriacali.dondeseria.com/landing-pages/flores-rosas-cali.html
Búsqueda - Susi Lop - Cali,03 | Ramos de Rosas,ramo de rosas precio,Frase,https://floristeriacali.dondeseria.com/landing-pages/flores-rosas-cali.html
Búsqueda - Susi Lop - Cali,03 | Ramos de Rosas,docena de rosas cali,Frase,https://floristeriacali.dondeseria.com/landing-pages/flores-rosas-cali.html
Búsqueda - Susi Lop - Cali,03 | Ramos de Rosas,ramos de 24 rosas,Frase,https://floristeriacali.dondeseria.com/landing-pages/flores-rosas-cali.html
Búsqueda - Susi Lop - Cali,03 | Ramos de Rosas,ramos de 50 rosas,Frase,https://floristeriacali.dondeseria.com/landing-pages/flores-rosas-cali.html
Búsqueda - Susi Lop - Cali,03 | Ramos de Rosas,ramos de 100 rosas,Frase,https://floristeriacali.dondeseria.com/landing-pages/flores-rosas-cali.html
Búsqueda - Susi Lop - Cali,03 | Ramos de Rosas,rosas eternas cali,Frase,https://floristeriacali.dondeseria.com/landing-pages/flores-rosas-cali.html
Búsqueda - Susi Lop - Cali,03 | Ramos de Rosas,rosas preservadas cali,Frase,https://floristeriacali.dondeseria.com/landing-pages/flores-rosas-cali.html
Búsqueda - Susi Lop - Cali,03 | Ramos de Rosas,flores eternas cali,Frase,https://floristeriacali.dondeseria.com/landing-pages/flores-rosas-cali.html
Búsqueda - Susi Lop - Cali,03 | Ramos de Rosas,ramo de rosas con chocolates,Frase,https://floristeriacali.dondeseria.com/landing-pages/flores-rosas-cali.html
Búsqueda - Susi Lop - Cali,03 | Ramos de Rosas,ramo de rosas con fresas y chocolate,Frase,https://floristeriacali.dondeseria.com/landing-pages/flores-rosas-cali.html
Búsqueda - Susi Lop - Cali,04 | Flores para Cumpleaños,flores para cumpleaños,Frase,https://floristeriacali.dondeseria.com/landing-pages/flores-para-cumpleanos-cali.html
Búsqueda - Susi Lop - Cali,04 | Flores para Cumpleaños,ramos de flores para cumpleaños,Frase,https://floristeriacali.dondeseria.com/landing-pages/flores-para-cumpleanos-cali.html
Búsqueda - Susi Lop - Cali,04 | Flores para Cumpleaños,ramo de flores para cumpleaños,Frase,https://floristeriacali.dondeseria.com/landing-pages/flores-para-cumpleanos-cali.html
Búsqueda - Susi Lop - Cali,04 | Flores para Cumpleaños,flores de cumpleaños cali,Frase,https://floristeriacali.dondeseria.com/landing-pages/flores-para-cumpleanos-cali.html
Búsqueda - Susi Lop - Cali,04 | Flores para Cumpleaños,[flores para cumpleaños],Exacta,https://floristeriacali.dondeseria.com/landing-pages/flores-para-cumpleanos-cali.html
Búsqueda - Susi Lop - Cali,04 | Flores para Cumpleaños,[ramo de flores para cumpleaños],Exacta,https://floristeriacali.dondeseria.com/landing-pages/flores-para-cumpleanos-cali.html
Búsqueda - Susi Lop - Cali,04 | Flores para Cumpleaños,[flores de cumpleaños cali],Exacta,https://floristeriacali.dondeseria.com/landing-pages/flores-para-cumpleanos-cali.html
Búsqueda - Susi Lop - Cali,04 | Flores para Cumpleaños,arreglo flores cumpleaños,Frase,https://floristeriacali.dondeseria.com/landing-pages/flores-para-cumpleanos-cali.html
Búsqueda - Susi Lop - Cali,04 | Flores para Cumpleaños,arreglos florales para cumpleaños,Frase,https://floristeriacali.dondeseria.com/landing-pages/flores-para-cumpleanos-cali.html
Búsqueda - Susi Lop - Cali,04 | Flores para Cumpleaños,flores de cumpleaños a domicilio,Frase,https://floristeriacali.dondeseria.com/landing-pages/flores-para-cumpleanos-cali.html
Búsqueda - Susi Lop - Cali,04 | Flores para Cumpleaños,regalos de cumpleaños cali,Frase,https://floristeriacali.dondeseria.com/landing-pages/flores-para-cumpleanos-cali.html
Búsqueda - Susi Lop - Cali,04 | Flores para Cumpleaños,detalles de cumpleaños cali,Frase,https://floristeriacali.dondeseria.com/landing-pages/flores-para-cumpleanos-cali.html
Búsqueda - Susi Lop - Cali,04 | Flores para Cumpleaños,detalles para mujer cali,Frase,https://floristeriacali.dondeseria.com/landing-pages/flores-para-cumpleanos-cali.html
Búsqueda - Susi Lop - Cali,04 | Flores para Cumpleaños,flores para mi novia,Frase,https://floristeriacali.dondeseria.com/landing-pages/flores-para-cumpleanos-cali.html
Búsqueda - Susi Lop - Cali,04 | Flores para Cumpleaños,flores para regalar,Frase,https://floristeriacali.dondeseria.com/landing-pages/flores-para-cumpleanos-cali.html
Búsqueda - Susi Lop - Cali,04 | Flores para Cumpleaños,ramos de flores para novia,Frase,https://floristeriacali.dondeseria.com/landing-pages/flores-para-cumpleanos-cali.html
Búsqueda - Susi Lop - Cali,04 | Flores para Cumpleaños,regalos sorpresa cali,Frase,https://floristeriacali.dondeseria.com/landing-pages/flores-para-cumpleanos-cali.html
Búsqueda - Susi Lop - Cali,04 | Flores para Cumpleaños,flores para mama cali,Frase,https://floristeriacali.dondeseria.com/landing-pages/flores-para-cumpleanos-cali.html
Búsqueda - Susi Lop - Cali,04 | Flores para Cumpleaños,flores con globos cali,Frase,https://floristeriacali.dondeseria.com/landing-pages/flores-para-cumpleanos-cali.html
Búsqueda - Susi Lop - Cali,04 | Flores para Cumpleaños,ramo de girasoles para cumpleaños,Frase,https://floristeriacali.dondeseria.com/landing-pages/flores-para-cumpleanos-cali.html
Búsqueda - Susi Lop - Cali,05 | Ramos y Arreglos Florales (Elegantes),ramos de flores cali,Frase,https://floristeriacali.dondeseria.com/landing-pages/ramos-flores-elegantes-cali.html
Búsqueda - Susi Lop - Cali,05 | Ramos y Arreglos Florales (Elegantes),ramo de flores cali,Frase,https://floristeriacali.dondeseria.com/landing-pages/ramos-flores-elegantes-cali.html
Búsqueda - Susi Lop - Cali,05 | Ramos y Arreglos Florales (Elegantes),ramos de flores en cali,Frase,https://floristeriacali.dondeseria.com/landing-pages/ramos-flores-elegantes-cali.html
Búsqueda - Susi Lop - Cali,05 | Ramos y Arreglos Florales (Elegantes),arreglos florales cali,Frase,https://floristeriacali.dondeseria.com/landing-pages/ramos-flores-elegantes-cali.html
Búsqueda - Susi Lop - Cali,05 | Ramos y Arreglos Florales (Elegantes),arreglos florales en cali,Frase,https://floristeriacali.dondeseria.com/landing-pages/ramos-flores-elegantes-cali.html
Búsqueda - Susi Lop - Cali,05 | Ramos y Arreglos Florales (Elegantes),[ramos de flores cali],Exacta,https://floristeriacali.dondeseria.com/landing-pages/ramos-flores-elegantes-cali.html
Búsqueda - Susi Lop - Cali,05 | Ramos y Arreglos Florales (Elegantes),[arreglos florales cali],Exacta,https://floristeriacali.dondeseria.com/landing-pages/ramos-flores-elegantes-cali.html
Búsqueda - Susi Lop - Cali,05 | Ramos y Arreglos Florales (Elegantes),arreglos florales,Frase,https://floristeriacali.dondeseria.com/landing-pages/ramos-flores-elegantes-cali.html
Búsqueda - Susi Lop - Cali,05 | Ramos y Arreglos Florales (Elegantes),ramos de flores,Frase,https://floristeriacali.dondeseria.com/landing-pages/ramos-flores-elegantes-cali.html
Búsqueda - Susi Lop - Cali,05 | Ramos y Arreglos Florales (Elegantes),bouquet de flores,Frase,https://floristeriacali.dondeseria.com/landing-pages/ramos-flores-elegantes-cali.html
Búsqueda - Susi Lop - Cali,05 | Ramos y Arreglos Florales (Elegantes),ramos cali,Frase,https://floristeriacali.dondeseria.com/landing-pages/ramos-flores-elegantes-cali.html
Búsqueda - Susi Lop - Cali,05 | Ramos y Arreglos Florales (Elegantes),arreglo de flores cali,Frase,https://floristeriacali.dondeseria.com/landing-pages/ramos-flores-elegantes-cali.html
Búsqueda - Susi Lop - Cali,05 | Ramos y Arreglos Florales (Elegantes),precios de ramos de flores,Frase,https://floristeriacali.dondeseria.com/landing-pages/ramos-flores-elegantes-cali.html
Búsqueda - Susi Lop - Cali,05 | Ramos y Arreglos Florales (Elegantes),valor de ramos de flores,Frase,https://floristeriacali.dondeseria.com/landing-pages/ramos-flores-elegantes-cali.html
Búsqueda - Susi Lop - Cali,05 | Ramos y Arreglos Florales (Elegantes),ramo de girasoles,Frase,https://floristeriacali.dondeseria.com/landing-pages/ramos-flores-elegantes-cali.html
Búsqueda - Susi Lop - Cali,05 | Ramos y Arreglos Florales (Elegantes),ramo de girasoles cali,Frase,https://floristeriacali.dondeseria.com/landing-pages/ramos-flores-elegantes-cali.html
Búsqueda - Susi Lop - Cali,05 | Ramos y Arreglos Florales (Elegantes),girasoles cali,Frase,https://floristeriacali.dondeseria.com/landing-pages/ramos-flores-elegantes-cali.html
Búsqueda - Susi Lop - Cali,05 | Ramos y Arreglos Florales (Elegantes),arreglo de girasoles,Frase,https://floristeriacali.dondeseria.com/landing-pages/ramos-flores-elegantes-cali.html
Búsqueda - Susi Lop - Cali,05 | Ramos y Arreglos Florales (Elegantes),ramo de lirios,Frase,https://floristeriacali.dondeseria.com/landing-pages/ramos-flores-elegantes-cali.html
Búsqueda - Susi Lop - Cali,05 | Ramos y Arreglos Florales (Elegantes),lirios cali,Frase,https://floristeriacali.dondeseria.com/landing-pages/ramos-flores-elegantes-cali.html
Búsqueda - Susi Lop - Cali,05 | Ramos y Arreglos Florales (Elegantes),ramo de margaritas,Frase,https://floristeriacali.dondeseria.com/landing-pages/ramos-flores-elegantes-cali.html
Búsqueda - Susi Lop - Cali,05 | Ramos y Arreglos Florales (Elegantes),margaritas cali,Frase,https://floristeriacali.dondeseria.com/landing-pages/ramos-flores-elegantes-cali.html
Búsqueda - Susi Lop - Cali,05 | Ramos y Arreglos Florales (Elegantes),gerberas cali,Frase,https://floristeriacali.dondeseria.com/landing-pages/ramos-flores-elegantes-cali.html
Búsqueda - Susi Lop - Cali,05 | Ramos y Arreglos Florales (Elegantes),ramo de gerberas,Frase,https://floristeriacali.dondeseria.com/landing-pages/ramos-flores-elegantes-cali.html
Búsqueda - Susi Lop - Cali,05 | Ramos y Arreglos Florales (Elegantes),arreglo floral en jarron,Frase,https://floristeriacali.dondeseria.com/landing-pages/ramos-flores-elegantes-cali.html
Búsqueda - Susi Lop - Cali,05 | Ramos y Arreglos Florales (Elegantes),arreglos florales para aniversario,Frase,https://floristeriacali.dondeseria.com/landing-pages/ramos-flores-elegantes-cali.html
Búsqueda - Susi Lop - Cali,05 | Ramos y Arreglos Florales (Elegantes),flores para grados cali,Frase,https://floristeriacali.dondeseria.com/landing-pages/ramos-flores-elegantes-cali.html
Búsqueda - Susi Lop - Cali,05 | Ramos y Arreglos Florales (Elegantes),arreglos florales corporativos cali,Frase,https://floristeriacali.dondeseria.com/landing-pages/ramos-flores-elegantes-cali.html
Búsqueda - Susi Lop - Cali,05 | Ramos y Arreglos Florales (Elegantes),flores para eventos cali,Frase,https://floristeriacali.dondeseria.com/landing-pages/ramos-flores-elegantes-cali.html
Búsqueda - Susi Lop - Cali,"06 | Fúnebres (Coronas, Ramos y Velorios)",[arreglos funebres cali],Exacta,https://floristeriacali.dondeseria.com/landing-pages/arreglos-funebres-cali.html
Búsqueda - Susi Lop - Cali,"06 | Fúnebres (Coronas, Ramos y Velorios)",[coronas funebres cali],Exacta,https://floristeriacali.dondeseria.com/landing-pages/arreglos-funebres-cali.html
Búsqueda - Susi Lop - Cali,"06 | Fúnebres (Coronas, Ramos y Velorios)",[ramos funebres cali],Exacta,https://floristeriacali.dondeseria.com/landing-pages/arreglos-funebres-cali.html
Búsqueda - Susi Lop - Cali,"06 | Fúnebres (Coronas, Ramos y Velorios)",[flores para velorio cali],Exacta,https://floristeriacali.dondeseria.com/landing-pages/arreglos-funebres-cali.html
Búsqueda - Susi Lop - Cali,"06 | Fúnebres (Coronas, Ramos y Velorios)",arreglos funebres cali,Frase,https://floristeriacali.dondeseria.com/landing-pages/arreglos-funebres-cali.html
Búsqueda - Susi Lop - Cali,"06 | Fúnebres (Coronas, Ramos y Velorios)",arreglos funebres,Frase,https://floristeriacali.dondeseria.com/landing-pages/arreglos-funebres-cali.html
Búsqueda - Susi Lop - Cali,"06 | Fúnebres (Coronas, Ramos y Velorios)",coronas funebres cali,Frase,https://floristeriacali.dondeseria.com/landing-pages/arreglos-funebres-cali.html
Búsqueda - Susi Lop - Cali,"06 | Fúnebres (Coronas, Ramos y Velorios)",coronas funebres,Frase,https://floristeriacali.dondeseria.com/landing-pages/arreglos-funebres-cali.html
Búsqueda - Susi Lop - Cali,"06 | Fúnebres (Coronas, Ramos y Velorios)",corona funebre precio,Frase,https://floristeriacali.dondeseria.com/landing-pages/arreglos-funebres-cali.html
Búsqueda - Susi Lop - Cali,"06 | Fúnebres (Coronas, Ramos y Velorios)",corona funeraria precio,Frase,https://floristeriacali.dondeseria.com/landing-pages/arreglos-funebres-cali.html
Búsqueda - Susi Lop - Cali,"06 | Fúnebres (Coronas, Ramos y Velorios)",coronas funebres cerca de mi,Frase,https://floristeriacali.dondeseria.com/landing-pages/arreglos-funebres-cali.html
Búsqueda - Susi Lop - Cali,"06 | Fúnebres (Coronas, Ramos y Velorios)",coronas para velorio,Frase,https://floristeriacali.dondeseria.com/landing-pages/arreglos-funebres-cali.html
Búsqueda - Susi Lop - Cali,"06 | Fúnebres (Coronas, Ramos y Velorios)",cruz funebre,Frase,https://floristeriacali.dondeseria.com/landing-pages/arreglos-funebres-cali.html
Búsqueda - Susi Lop - Cali,"06 | Fúnebres (Coronas, Ramos y Velorios)",cruces funebres cali,Frase,https://floristeriacali.dondeseria.com/landing-pages/arreglos-funebres-cali.html
Búsqueda - Susi Lop - Cali,"06 | Fúnebres (Coronas, Ramos y Velorios)",palma funebre,Frase,https://floristeriacali.dondeseria.com/landing-pages/arreglos-funebres-cali.html
Búsqueda - Susi Lop - Cali,"06 | Fúnebres (Coronas, Ramos y Velorios)",lagrima funebre,Frase,https://floristeriacali.dondeseria.com/landing-pages/arreglos-funebres-cali.html
Búsqueda - Susi Lop - Cali,"06 | Fúnebres (Coronas, Ramos y Velorios)",ramos funebres cali,Frase,https://floristeriacali.dondeseria.com/landing-pages/arreglos-funebres-cali.html
Búsqueda - Susi Lop - Cali,"06 | Fúnebres (Coronas, Ramos y Velorios)",ramos funebres,Frase,https://floristeriacali.dondeseria.com/landing-pages/arreglos-funebres-cali.html
Búsqueda - Susi Lop - Cali,"06 | Fúnebres (Coronas, Ramos y Velorios)",ramo de condolencias,Frase,https://floristeriacali.dondeseria.com/landing-pages/arreglos-funebres-cali.html
Búsqueda - Susi Lop - Cali,"06 | Fúnebres (Coronas, Ramos y Velorios)",flores para velorio,Frase,https://floristeriacali.dondeseria.com/landing-pages/arreglos-funebres-cali.html
Búsqueda - Susi Lop - Cali,"06 | Fúnebres (Coronas, Ramos y Velorios)",flores para velorio cali,Frase,https://floristeriacali.dondeseria.com/landing-pages/arreglos-funebres-cali.html
Búsqueda - Susi Lop - Cali,"06 | Fúnebres (Coronas, Ramos y Velorios)",arreglos florales para velorio,Frase,https://floristeriacali.dondeseria.com/landing-pages/arreglos-funebres-cali.html
Búsqueda - Susi Lop - Cali,"06 | Fúnebres (Coronas, Ramos y Velorios)",arreglos florales para velorio precio,Frase,https://floristeriacali.dondeseria.com/landing-pages/arreglos-funebres-cali.html
Búsqueda - Susi Lop - Cali,"06 | Fúnebres (Coronas, Ramos y Velorios)",arreglos florales funebres,Frase,https://floristeriacali.dondeseria.com/landing-pages/arreglos-funebres-cali.html
Búsqueda - Susi Lop - Cali,"06 | Fúnebres (Coronas, Ramos y Velorios)",arreglos florales exequiales,Frase,https://floristeriacali.dondeseria.com/landing-pages/arreglos-funebres-cali.html
Búsqueda - Susi Lop - Cali,"06 | Fúnebres (Coronas, Ramos y Velorios)",ramos de flores para funeral,Frase,https://floristeriacali.dondeseria.com/landing-pages/arreglos-funebres-cali.html
Búsqueda - Susi Lop - Cali,"06 | Fúnebres (Coronas, Ramos y Velorios)",flores de funeral,Frase,https://floristeriacali.dondeseria.com/landing-pages/arreglos-funebres-cali.html
Búsqueda - Susi Lop - Cali,"06 | Fúnebres (Coronas, Ramos y Velorios)",flores para condolencias,Frase,https://floristeriacali.dondeseria.com/landing-pages/arreglos-funebres-cali.html
Búsqueda - Susi Lop - Cali,"06 | Fúnebres (Coronas, Ramos y Velorios)",floristeria cerca al cementerio central cali,Frase,https://floristeriacali.dondeseria.com/landing-pages/arreglos-funebres-cali.html
Búsqueda - Susi Lop - Cali,"06 | Fúnebres (Coronas, Ramos y Velorios)",floristeria cementerio metropolitano del sur,Frase,https://floristeriacali.dondeseria.com/landing-pages/arreglos-funebres-cali.html
Búsqueda - Susi Lop - Cali,"06 | Fúnebres (Coronas, Ramos y Velorios)",arreglos funebres jardines del recuerdo,Frase,https://floristeriacali.dondeseria.com/landing-pages/arreglos-funebres-cali.html
Búsqueda - Susi Lop - Cali,"06 | Fúnebres (Coronas, Ramos y Velorios)",arreglos funebres campos de paz cali,Frase,https://floristeriacali.dondeseria.com/landing-pages/arreglos-funebres-cali.html
Búsqueda - Susi Lop - Cali,"06 | Fúnebres (Coronas, Ramos y Velorios)",floristeria cerca de sala de velacion cali,Frase,https://floristeriacali.dondeseria.com/landing-pages/arreglos-funebres-cali.html
Búsqueda - Susi Lop - Cali,(negativa de campaña),tulipan,Frase negativa,
Búsqueda - Susi Lop - Cali,(negativa de campaña),tulipanes,Frase negativa,
Búsqueda - Susi Lop - Cali,(negativa de campaña),ramo de tulipanes,Frase negativa,
Búsqueda - Susi Lop - Cali,(negativa de campaña),orquidea,Frase negativa,
Búsqueda - Susi Lop - Cali,(negativa de campaña),orquideas,Frase negativa,
Búsqueda - Susi Lop - Cali,(negativa de campaña),ancheta,Frase negativa,
Búsqueda - Susi Lop - Cali,(negativa de campaña),anchetas,Frase negativa,
Búsqueda - Susi Lop - Cali,(negativa de campaña),desayuno sorpresa,Frase negativa,
Búsqueda - Susi Lop - Cali,(negativa de campaña),desayunos sorpresa,Frase negativa,
Búsqueda - Susi Lop - Cali,(negativa de campaña),desayuno a domicilio,Frase negativa,
Búsqueda - Susi Lop - Cali,(negativa de campaña),desayunos a domicilio,Frase negativa,
Búsqueda - Susi Lop - Cali,(negativa de campaña),canasta de licores,Frase negativa,
Búsqueda - Susi Lop - Cali,(negativa de campaña),ancheta navideña,Frase negativa,
Búsqueda - Susi Lop - Cali,(negativa de campaña),gratis,Frase negativa,
Búsqueda - Susi Lop - Cali,(negativa de campaña),empleo,Frase negativa,
Búsqueda - Susi Lop - Cali,(negativa de campaña),trabajo,Frase negativa,
Búsqueda - Susi Lop - Cali,(negativa de campaña),curso,Frase negativa,
Búsqueda - Susi Lop - Cali,(negativa de campaña),como hacer,Frase negativa,
Búsqueda - Susi Lop - Cali,(negativa de campaña),diy,Frase negativa,
Búsqueda - Susi Lop - Cali,(negativa de campaña),imagenes,Frase negativa,
Búsqueda - Susi Lop - Cali,(negativa de campaña),dibujos,Frase negativa,
Búsqueda - Susi Lop - Cali,(negativa de campaña),al por mayor,Frase negativa,
Búsqueda - Susi Lop - Cali,(negativa de campaña),mayorista,Frase negativa,
Búsqueda - Susi Lop - Cali,(negativa de campaña),por mayor,Frase negativa,
Búsqueda - Susi Lop - Cali,(negativa de campaña),viveros,Frase negativa,
Búsqueda - Susi Lop - Cali,(negativa de campaña),plantas artificiales,Frase negativa,
Búsqueda - Susi Lop - Cali,(negativa de campaña),flores artificiales,Frase negativa,
Búsqueda - Susi Lop - Cali,(negativa de campaña),semillas,Frase negativa,
Búsqueda - Susi Lop - Cali,(negativa de campaña),rappi,Frase negativa,
Búsqueda - Susi Lop - Cali,(negativa de campaña),domicilios com,Frase negativa,
Búsqueda - Susi Lop - Cali,(negativa de campaña),significado de,Frase negativa,
Búsqueda - Susi Lop - Cali,(negativa de campaña),cuidados de,Frase negativa,
Búsqueda - Susi Lop - Cali,(negativa de campaña),como sembrar,Frase negativa,
Búsqueda - Susi Lop - Cali,(negativa de campaña),segunda mano,Frase negativa,
Búsqueda - Susi Lop - Cali,(negativa de campaña),clemda,Frase negativa,
Búsqueda - Susi Lop - Cali,(negativa de campaña),ebenezer,Frase negativa,
Búsqueda - Susi Lop - Cali,(negativa de campaña),el jardin secreto,Frase negativa,
Búsqueda - Susi Lop - Cali,(negativa de campaña),jardin secreto,Frase negativa,
Búsqueda - Susi Lop - Cali,(negativa de campaña),samatia,Frase negativa,
Búsqueda - Susi Lop - Cali,(negativa de campaña),reino floral,Frase negativa,
Búsqueda - Susi Lop - Cali,(negativa de campaña),casa anturio,Frase negativa,
Búsqueda - Susi Lop - Cali,(negativa de campaña),florece tu mundo,Frase negativa,
Búsqueda - Susi Lop - Cali,(negativa de campaña),floristerias en cali com,Frase negativa,
Búsqueda - Susi Lop - Cali,(negativa de campaña),floreria orly,Frase negativa,
Búsqueda - Susi Lop - Cali,(negativa de campaña),zabrisky,Frase negativa,
Búsqueda - Susi Lop - Cali,(negativa de campaña),lovely moments,Frase negativa,
Búsqueda - Susi Lop - Cali,(negativa de campaña),buenaventura,Frase negativa,
Búsqueda - Susi Lop - Cali,(negativa de campaña),tulua,Frase negativa,
Búsqueda - Susi Lop - Cali,(negativa de campaña),buga,Frase negativa,
Búsqueda - Susi Lop - Cali,(negativa de campaña),cartago,Frase negativa,
Búsqueda - Susi Lop - Cali,(negativa de campaña),popayan,Frase negativa,
Búsqueda - Susi Lop - Cali,(negativa de campaña),pasto,Frase negativa,
Búsqueda - Susi Lop - Cali,(negativa de campaña),pereira,Frase negativa,
Búsqueda - Susi Lop - Cali,(negativa de campaña),armenia,Frase negativa,
Búsqueda - Susi Lop - Cali,(negativa de campaña),manizales,Frase negativa,
Búsqueda - Susi Lop - Cali,(negativa de campaña),medellin,Frase negativa,
Búsqueda - Susi Lop - Cali,(negativa de campaña),bogota,Frase negativa,
Búsqueda - Susi Lop - Cali,(negativa de campaña),barranquilla,Frase negativa,
Búsqueda - Susi Lop - Cali,(negativa de campaña),cartagena,Frase negativa,
Búsqueda - Susi Lop - Cali,(negativa de campaña),ibague,Frase negativa,
Búsqueda - Susi Lop - Cali,(negativa de campaña),neiva,Frase negativa,
Búsqueda - Susi Lop - Cali,(negativa de campaña),santander de quilichao,Frase negativa,
Búsqueda - Susi Lop - Cali,(negativa de campaña),zarzal,Frase negativa,
Búsqueda - Susi Lop - Cali,(negativa de campaña),sevilla valle,Frase negativa,
Búsqueda - Susi Lop - Cali,(negativa de campaña),dosquebradas,Frase negativa,
Búsqueda - Susi Lop - Cali,(negativa de campaña),villavicencio,Frase negativa,
Búsqueda - Susi Lop - Cali,01 | Floristería Cali (Genérico + Cerca de Mí),funebre,Frase negativa,
Búsqueda - Susi Lop - Cali,01 | Floristería Cali (Genérico + Cerca de Mí),funebres,Frase negativa,
Búsqueda - Susi Lop - Cali,01 | Floristería Cali (Genérico + Cerca de Mí),velorio,Frase negativa,
Búsqueda - Susi Lop - Cali,01 | Floristería Cali (Genérico + Cerca de Mí),corona funebre,Frase negativa,
Búsqueda - Susi Lop - Cali,01 | Floristería Cali (Genérico + Cerca de Mí),condolencias,Frase negativa,
Búsqueda - Susi Lop - Cali,01 | Floristería Cali (Genérico + Cerca de Mí),funeral,Frase negativa,
Búsqueda - Susi Lop - Cali,01 | Floristería Cali (Genérico + Cerca de Mí),exequias,Frase negativa,
Búsqueda - Susi Lop - Cali,01 | Floristería Cali (Genérico + Cerca de Mí),luto,Frase negativa,
Búsqueda - Susi Lop - Cali,02 | Flores a Domicilio Cali,funebre,Frase negativa,
Búsqueda - Susi Lop - Cali,02 | Flores a Domicilio Cali,funebres,Frase negativa,
Búsqueda - Susi Lop - Cali,02 | Flores a Domicilio Cali,velorio,Frase negativa,
Búsqueda - Susi Lop - Cali,02 | Flores a Domicilio Cali,corona funebre,Frase negativa,
Búsqueda - Susi Lop - Cali,02 | Flores a Domicilio Cali,condolencias,Frase negativa,
Búsqueda - Susi Lop - Cali,02 | Flores a Domicilio Cali,funeral,Frase negativa,
Búsqueda - Susi Lop - Cali,02 | Flores a Domicilio Cali,exequias,Frase negativa,
Búsqueda - Susi Lop - Cali,02 | Flores a Domicilio Cali,luto,Frase negativa,
Búsqueda - Susi Lop - Cali,03 | Ramos de Rosas,funebre,Frase negativa,
Búsqueda - Susi Lop - Cali,03 | Ramos de Rosas,funebres,Frase negativa,
Búsqueda - Susi Lop - Cali,03 | Ramos de Rosas,velorio,Frase negativa,
Búsqueda - Susi Lop - Cali,03 | Ramos de Rosas,corona funebre,Frase negativa,
Búsqueda - Susi Lop - Cali,03 | Ramos de Rosas,condolencias,Frase negativa,
Búsqueda - Susi Lop - Cali,03 | Ramos de Rosas,funeral,Frase negativa,
Búsqueda - Susi Lop - Cali,03 | Ramos de Rosas,exequias,Frase negativa,
Búsqueda - Susi Lop - Cali,03 | Ramos de Rosas,luto,Frase negativa,
Búsqueda - Susi Lop - Cali,04 | Flores para Cumpleaños,funebre,Frase negativa,
Búsqueda - Susi Lop - Cali,04 | Flores para Cumpleaños,funebres,Frase negativa,
Búsqueda - Susi Lop - Cali,04 | Flores para Cumpleaños,velorio,Frase negativa,
Búsqueda - Susi Lop - Cali,04 | Flores para Cumpleaños,corona funebre,Frase negativa,
Búsqueda - Susi Lop - Cali,04 | Flores para Cumpleaños,condolencias,Frase negativa,
Búsqueda - Susi Lop - Cali,04 | Flores para Cumpleaños,funeral,Frase negativa,
Búsqueda - Susi Lop - Cali,04 | Flores para Cumpleaños,exequias,Frase negativa,
Búsqueda - Susi Lop - Cali,04 | Flores para Cumpleaños,luto,Frase negativa,
Búsqueda - Susi Lop - Cali,05 | Ramos y Arreglos Florales (Elegantes),funebre,Frase negativa,
Búsqueda - Susi Lop - Cali,05 | Ramos y Arreglos Florales (Elegantes),funebres,Frase negativa,
Búsqueda - Susi Lop - Cali,05 | Ramos y Arreglos Florales (Elegantes),velorio,Frase negativa,
Búsqueda - Susi Lop - Cali,05 | Ramos y Arreglos Florales (Elegantes),corona funebre,Frase negativa,
Búsqueda - Susi Lop - Cali,05 | Ramos y Arreglos Florales (Elegantes),condolencias,Frase negativa,
Búsqueda - Susi Lop - Cali,05 | Ramos y Arreglos Florales (Elegantes),funeral,Frase negativa,
Búsqueda - Susi Lop - Cali,05 | Ramos y Arreglos Florales (Elegantes),exequias,Frase negativa,
Búsqueda - Susi Lop - Cali,05 | Ramos y Arreglos Florales (Elegantes),luto,Frase negativa,
Búsqueda - Susi Lop - Cali,01 | Floristería Cali (Genérico + Cerca de Mí),a domicilio,Frase negativa,
Búsqueda - Susi Lop - Cali,05 | Ramos y Arreglos Florales (Elegantes),ramo de rosas,Frase negativa,
Búsqueda - Susi Lop - Cali,05 | Ramos y Arreglos Florales (Elegantes),ramos de rosas,Frase negativa,
Búsqueda - Susi Lop - Cali,05 | Ramos y Arreglos Florales (Elegantes),caja de rosas,Frase negativa,
